ID	Organization	Dataset	Source	Zenodo	Todo	ClicsCore	LexiCore	CogCore	ProtoCore	Version	Comments	Status
aaleykusunda	lexibank	aaleykusunda	Aaley2019	10.5281/zenodo.13149034			x			v2.1		done (FB)
abrahammonpa	lexibank	abrahammonpa	Abraham2018	10.5281/zenodo.13149071		x	x			v3.1		done (FB)
iecor	lexibank	iecor	Heggarty2024	10.5281/zenodo.13304537			x	x		v1.2		done (FB)
abvdoceanic	lexibank	abvdoceanic	Greenhill2008	10.5281/zenodo.13149095			x	x		v0.3		done (FB)
abvdphilippines	lexibank	abvdphilippines	Greenhill2008	10.5281/zenodo.13304336			x	x		v1.0		done (FB)
allenbai	lexibank	allenbai	Allen2007	10.5281/zenodo.13149106		x	x			v4.1		done (FB)
backstromnorthernpakistan	lexibank	backstromnorthernpakistan	Backstrom1992	10.5281/zenodo.13149113			x			v1.1		done (FB)
baf2	lexibank	baf2	Hantgan2022	10.5281/zenodo.14001726		x	x			v1.2		done (FB)
blumpanotacana	pano-tacanan-history	blumpanotacana	Blum2024	10.5281/zenodo.13149588		x	x	x		v1.2		done (FB)
bantubvd	lexibank	bantubvd	Greenhill2015a	10.5281/zenodo.13143126		x	x			v4.1		done (CR)
barlowlote	lexibank	barlowlote	Barlow2024	10.5281/zenodo.14505730		x	x			v1.0	new dataset	
beidasinitic	lexibank	beidasinitic	Cihui	10.5281/zenodo.13149151		x	x			v5.1		done (FB)
birchallchapacuran	lexibank	birchallchapacuran	Birchall2016	10.5281/zenodo.13149660			x			v1.3		done (FB)
blustaustronesian	sequencecomparison	blustaustronesian	Greenhill2008	10.5281/zenodo.13150156			x	x		v1.1		done (FB)
bodtkhobwa	lexibank	bodtkhobwa	Bodt2022	10.5281/zenodo.13149621		x	x	x		v3.3		done (FB)
bowernpny	lexibank	bowernpny	Bowern2012	10.5281/zenodo.13143103		x	x	x		v4.1		Done (CR)
bremerberta	lexibank	bremerberta	Bremer2016	10.5281/zenodo.13829541			x			v1.3		Done (CR)
cals	lexibank	cals	Mennecier2016	10.5281/zenodo.13149281			x	x		v1.1		done (FB)
carvalhopurus	lexibank	carvalhopurus	Carvalho2021	10.5281/zenodo.13149291			x	x	x	v1.1		done (FB)
castrosui	lexibank	castrosui	Castro2011	10.5281/zenodo.13149296		x	x			v3.1		done (FB)
castroyi	lexibank	castroyi	Castro2010	10.5281/zenodo.13149313		x	x			v1.1		done (FB)
castrozhuang	lexibank	castrozhuang	Castro2010a	10.5281/zenodo.13149318		x	x			v1.1		done (FB)
chacolanguages	lexibank	chacolanguages	Brid2022	10.5281/zenodo.13684237		x	x			v0.3		done (FB)
chaconarawakan	lexibank	chaconarawakan	Chacon2017	10.5281/zenodo.13149373			x	x		v2.1		done (FB)
chaconbaniwa	lexibank	chaconbaniwa	Chacon2019	10.5281/zenodo.13149386			x	x		v2.1		done (FB)
chaconcolumbian	lexibank	chaconcolumbian	Chacon2017	10.5281/zenodo.13149391			x	x		v2.1		done (FB)
chaconnorthwestarawakan	lexibank	chaconnorthwestarawakan	Chacon2022	10.5281/zenodo.13150036			x	x		v1.0		done (FB)
chacontukanoan	lexibank	chacontukanoan	Chacon2014	10.5281/zenodo.13149485			x	x		v1.1		done (FB)
chenhmongmien	lexibank	chenhmongmien	Chen2012	10.5281/zenodo.13149500		x	x			v3.1		done (FB)
chindialectsurvey	lexibank	chindialectsurvey	Chin2019	10.5281/zenodo.13149727		x	x			v1.1		done (FB)
chingelong	digling	chingelong	Chin2015	10.5281/zenodo.13149785			x			v1.1		done (FB)
clarkkimmun	lexibank	clarkkimmun	Clark2008	10.5281/zenodo.13149728		x	x			v1.1		done (FB)
constenlachibchan	lexibank	constenlachibchan	Constenla2005	10.5281/zenodo.13149729			x	x		v1.1		done (FB)
crossandean	lexibank	crossandean	Blum2023	10.5281/zenodo.13149752			x	x		v1.2		done (FB)
davletshinaztecan	lexibank	davletshinaztecan	Davletshin2012	10.5281/zenodo.13149808			x	x	x	v1.1		done (FB)
deepadungpalaung	lexibank	deepadungpalaung	Deepadung2015	10.5281/zenodo.13149823			x	x		v1.2		done (FB)
dhakalsouthwesttibetic	lexibank	dhakalsouthwesttibetic	Dhakal2024	10.5281/zenodo.13868534		x	x	x		v1.0	new dataset	
dravlex	lexibank	dravlex	Kolipakam2018	10.5281/zenodo.13149853			x	x		v1.1		done (FB)
dunnaslian	lexibank	dunnaslian	Dunn2013	10.5281/zenodo.13149878			x	x		v1.1		done (FB)
dunnielex	sequencecomparison	dunnielex	Dunn2012	10.5281/zenodo.13150141			x	x		v1.1		done (FB)
duonglachi	lexibank	duonglachi	Duong2020	10.5281/zenodo.13829479			x			v1.2		done (CB)
felekesemitic	lexibank	felekesemitic	Feleke2021	10.5281/zenodo.13253766			x	x		v1.1		done (CB)
galuciotupi	lexibank	galuciotupi	Galucio2015	10.5281/zenodo.13253797			x	x		v1.1		done (CB)
gaotb	digling	gaotb	Gao2020	10.5281/zenodo.13254735			x	x		v1.1		done (FB)
gerarditupi	lexibank	gerarditupi	Gerardi2021	10.5281/zenodo.13841415			x	x		v2.1		done(FB)
gravinachadic	lexibank	gravinachadic	Gravina2014	10.5281/zenodo.13254095		x	x	x		v1.0		done (CB)
halenepal	lexibank	halenepal	Hale1973	10.5281/zenodo.13143140		x	x			v4.0	Release as v4.0 because of the big change/fix for the lexemes.	Done (CR)
hantganbangime	lexibank	hantganbangime	Hantgan2022b	10.5281/zenodo.13319171		x	x			v1.1		done (CB)
hattorijaponic	sequencecomparison	hattorijaponic	Hattori1973	10.5281/zenodo.13169462			x	x		v1.1		done (FB)
heathdogon	languageorphans	heathdogon	Moran2016	10.5281/zenodo.13304440		x	x			v0.3		done (FB)
houchinese	sequencecomparison	houchinese	Hou2004	10.5281/zenodo.13254732			x	x		v1.1		done (FB)
hsiuhmongmien	lexibank	hsiuhmongmien	Hsiu2015	10.5281/zenodo.13269392			x			v1.1		done (CB)
hubercolumbian	lexibank	hubercolumbian	Huber1992	10.5281/zenodo.13254493		x	x			v4.0.2		done (CB)
huntergatherer	lexibank	huntergatherer	HunterGatherer	10.5281/zenodo.13832119		x	x			v2.1		done (CB)
idssegmented	intercontinental-dictionary-series	idssegmented	IDS	10.5281/zenodo.13832130		x	x			v1.2		done (FB)
ivanisuansu	lexibank	ivanisuansu	Ivani2019	10.5281/zenodo.13254433			x			v2.0		done (CB)
johanssonsoundsymbolic	lexibank	johanssonsoundsymbolic	Johansson2020	10.5281/zenodo.14001750		x	x			v1.3		done (CB)
joophonosemantic	lexibank	joophonosemantic	Joo2019	10.5281/zenodo.13254582			x			v1.2		done (CB)
keypano	idssegmented	keypano	Miller2024	10.5281/zenodo.13234493		x	x			v0.1		done (FB)
kesslersignificance	sequencecomparison	kesslersignificance	Kessler2001	10.5281/zenodo.13235043			x	x		v1.1		done (FB)
kleinewillinghoeferbikwinjen	lexibank	kleinewillinghoeferbikwinjen	Kleinewillinghoefer2015	10.5281/zenodo.13829628			x			v1.2		done (CB)
kochtukanoan	lexibank	kochtukanoan	Koch1914	10.5281/zenodo.13235052		x	x			v1.0		done (FB)
kraftchadic	lexibank	kraftchadic	Kraft1981	10.5281/zenodo.13832124		x	x			v4.1		done (CB)
lairgyalrong	lexibank	lairgyalrong	Lai2023	10.5281/zenodo.14001762		x	x	x		v0.4		done (FB)
lamanisoic	lexibank	lamanisoic	Lama2012	10.5281/zenodo.13169526		x	x			v1.1		done (FB)
leeainu	lexibank	leeainu	Lee2013	10.5281/zenodo.13253605			x			v1.1		done (CB)
leecaijia	lexibank	leecaijia	Lee2022	10.5281/zenodo.13253594			x			v1.0		done (CB)
leejaponic	lexibank	leejaponic	Lee2011	10.5281/zenodo.13254646			x			v1.1		done (CB)
leekoreanic	lexibank	leekoreanic	Lee2015	10.5281/zenodo.13254649			x	x		v1.1		done (CB)
lieberherrkhobwa	lexibank	lieberherrkhobwa	Lieberherr2017	10.5281/zenodo.13319047			x	x		v2.1	ortho-profiles could be improved, okay enoughr for LB 2.0	done (CB)
lindseyende	intercontinental-dictionary-series	lindseyende	Lindsey2019	10.5281/zenodo.13254739		x	x			v2.2		done (FB)
lionnetyotonahua	lexibank	lionnetyotonahua	Lionnet1985	10.5281/zenodo.13169353		x	x	x		v1.0		done (FB)
listsamplesize	sequencecomparison	listsamplesize	List2014c	10.5281/zenodo.13169429		x	x	x		v1.1		done (FB)
liusinitic	lexibank	liusinitic	Liu2007	10.5281/zenodo.13254682			x	x		v1.4		done (CB)
luangthongkumkaren	lexibank	luangthongkumkaren	Luangthongkum2019	10.5281/zenodo.13254728		x	x	x	x	v1.1		done (CB)
mannburmish	lexibank	mannburmish	Mann1998	10.5281/zenodo.13235497		x	x	x		v1.3		Done (CR)
marrisonnaga	lexibank	marrisonnaga	Marrison1967	10.5281/zenodo.13235510		x	x			v3.1		Done (CR)
mcelhanonhuon	lexibank	mcelhanonhuon	McElhanon1967	10.5281/zenodo.13269405			x	x		v1.1		done (CB)
mitterhoferbena	lexibank	mitterhoferbena	Mitterhofer2013	10.5281/zenodo.13235478		x	x			v3.1		Done (CR)
mixtecansubgrouping	lexibank	mixtecansubgrouping	Auderset2023	10.5281/zenodo.14001610			x	x		v0.4		done (CB)
naganorgyalrongic	lexibank	naganorgyalrongic	Nagano2013	10.5281/zenodo.13220621		x	x			v3.1		Done (CR)
nagarajakhasian	lexibank	nagarajakhasian	Nagaraja2013	10.5281/zenodo.13269522			x	x		v1.1		done (CB)
northeuralex	lexibank	northeuralex	Dellert2020	10.5281/zenodo.13269523		x	x			v4.1		done (CB)
northernperu	lexibank	northernperu	Barrientos2024	10.5281/zenodo.13269803			x			v0.1		done (CB)
oskolskayatungusic	lexibank	oskolskayatungusic	Oskolskaya2022	10.5281/zenodo.13163376		x	x	x		v1.1		Done (CR)
othanieljen	lexibank	othanieljen	Othaniel2017	10.5281/zenodo.13829625		x	x			v1.2		Done (CR)
peirosaustroasiatic	lexibank	peirosaustroasiatic	Peiros1998	10.5281/zenodo.13168443			x	x		v1.1		Done (CR)
pharaocoracholaztecan	lexibank	pharaocoracholaztecan	Pharao2020	10.5281/zenodo.13304640			x	x	x	v1.1.1		Done (CR)
polyglottaafricana	lexibank	polyglottaafricana	Koelle1854	10.5281/zenodo.13221020		x	x			v2.1		Done (CR)
ratcliffearabic	lexibank	ratcliffearabic	Ratcliffe2021	10.5281/zenodo.13162864			x	x		v1.1		Done (CR)
robbeetstriangulation	lexibank	robbeetstriangulation	Robbeets2021	10.5281/zenodo.14506169		x	x	x		v0.2	new dataset	
robinsonap	lexibank	robinsonap	Robinson2012	10.5281/zenodo.13163515		x	x	x		v4.1		Done (CR)
saenkoromance	lexibank	saenkoromance	Saenko2015	10.5281/zenodo.13163492			x	x		v1.1		Done (CR)
sagartst	lexibank	sagartst	Sagart2019	10.5281/zenodo.13162889			x	x		v2.1		Done (CR)
savelyevturkic	lexibank	savelyevturkic	Savelyev2020	10.5281/zenodo.13163242			x	x		v2.1		Done (CR)
sawkatokaleya	lexibank	sawkatokaleya	Sawka2019	10.5281/zenodo.13164643			x			v1.0		Done (CR)
seifartecheverriboran	lexibank	seifartecheverriboran	Seifart2015	10.5281/zenodo.13164427		x	x	x	x	v1.0		Done (CR)
servamalagasy	digling	servamalagasy	Serva2020	10.5281/zenodo.13168397			x			v1.1		Done (CR)
sidwellbahnaric	lexibank	sidwellbahnaric	Sidwell2015	10.5281/zenodo.13162996			x	x		v1.1		Done (CR)
sidwellvietic	lexibank	sidwellvietic	Sidwell2021	10.5281/zenodo.13164573			x	x	x	v1.1		Done (CR)
simsrma	lexibank	simsrma	Sims2020	10.5281/zenodo.13168246			x	x		v1.3		Done (CR)
sohartmannchin	lexibank	sohartmannchin	SoHartmann1988	10.5281/zenodo.13163647		x	x			v3.1		Done (CR)
starostinkaren	lexibank	starostinkaren	Starostin2011	10.5281/zenodo.13168287			x	x		v1.0		Done (CR)
starostinpie	sequencecomparison	starostinpie	Starostin2005b	10.5281/zenodo.13167172			x	x		v1.1		Done (CR)
starostintujia	lexibank	starostintujia	Starostin2013b	10.5281/zenodo.13163694			x	x		v1.0		Done (CR)
suntb	lexibank	suntb	Sun1991	10.5281/zenodo.13304824		x	x			v4.1		Done (CR)
spagnolmaltese	intercontinental-dictionary-series	spagnolmaltese	Spagnol2024	10.5281/zenodo.14505927		x	x			v1.1		
vanuatuvoices	lexibank	vanuatuvoices	VanuatuVoices	10.5281/zenodo.10821732		x	x			v1.1		
tuled	tupian-language-resources	tuled	TULED	10.5281/zenodo.6572576		x	x			v0.12		
syrjaenenuralic	lexibank	syrjaenenuralic	Syrjaenen2013	10.5281/zenodo.13164684			x	x		v1.1		Done (CR)
tls	lexibank	tls	Nurse1975	10.5281/zenodo.13163463		x	x			v4.2		Done (CR)
tolmiebritishcolumbia	lexibank	tolmiebritishcolumbia	Tolmie1884	10.5281/zenodo.13143482			x			v1.1		Done (CR)
transnewguineaorg	lexibank	transnewguineaorg	Greenhill2015	10.5281/zenodo.5141620	Waiting for SG	x	x			v3.0		PR ready (upstream data fixed, still needs profile changes?)
tryonsolomon	lexibank	tryonsolomon	Tryon1983	10.5281/zenodo.13150089			x			v3.1		done (FB)
utoaztecan	lexibank	utoaztecan	Greenhill2023	10.5281/zenodo.5173799	Conceptlist integration missing		x	x		v1.1	Concept list not in Concepticon?	PR ready, concept list to Concepticon is WIP (CR)
visserkalamang	intercontinental-dictionary-series	visserkalamang	Visser2021	10.5281/zenodo.13220870		x	x			v2.2		Done (CR)
walkerarawakan	lexibank	walkerarawakan	Walker2011	10.5281/zenodo.13170587			x			v1.1		Done (CR)
walworthpolynesian	lexibank	walworthpolynesian	Walworth2018	10.5281/zenodo.13218906			x	x		v1.1		Done (CR)
wangbai	lexibank	wangbai	Wang2004b	10.5281/zenodo.13163051		x	x			v1.1		Done (CR)
wheelerutoaztecan	lexibank	wheelerutoaztecan	Wheeler2015b	10.5281/zenodo.13170025			x			v1.1		Done (CR)
wichmannmixezoquean	lexibank	wichmannmixezoquean	Wichmann2011	10.5281/zenodo.13163225			x	x		v1.1		Done (CR)
wold	lexibank	wold	WOLD	10.5281/zenodo.13861321		x	x			v4.1		Done (FB)
yanglalo	lexibank	yanglalo	Yang2011	10.5281/zenodo.13306849		x	x	x	x	v4.0		Done (CR)
yangyi	lexibank	yangyi	Yang2022	10.5281/zenodo.13220883		x	x			v1.3		Done (CR)
yuchinese	intercontinental-dictionary-series	yuchinese	Yu2021	10.5281/zenodo.13284157		x	x			v2.1		Done (CR)
zgraggenmadang	lexibank	zgraggenmadang	Zgraggen1980a	10.5281/zenodo.13163448		x	x			v4.1		Done (CR)
zhaobai	lexibank	zhaobai	Zhao2006	10.5281/zenodo.13163115			x			v1.1		Done (CR)
zhivlovobugrian	sequencecomparison	zhivlovobugrian	Zhivlov2011	10.5281/zenodo.13220897			x	x		v1.1		Done (CR)
zhoubizic	lexibank	zhoubizic	Zhou2020	10.5281/zenodo.13168188		x	x			v1.2		Done (CR)
liunewari	lexibank	liunewari	Liu2023b	10.5281/zenodo.8169353		x	x			v1.0.0	new dataset	
